,Google Chrome 25　アクセシビリティサポーテッド検証結果 [等級A]  2013年3月版,,,,,,,
,＊ この検証結果は、ウェブアクセシビリティ基盤委員会 実装ワーキンググループ（WG2）が提供する参考情報であり、予告なく変更されることがあります。,,,,,記号の説明,,
,＊ この情報をご利用になる前に、ライセンス（利用許諾条項）と免責事項を必ずご確認ください。,,,,,○,サポートあり,
,＊最新版は、ウェブアクセシビリティ基盤委員会のサイトでご確認ください（http://waic.jp/docs/jis2010/as.html）。,,,,,△,一部サポート,
,,,,,,×,サポートなし,
,,,,,,？,判定できず,
,"Windows 7, Google Chrome 25, 支援技術なし",,,,,-,テスト不要（N/A）,
,"テストファイル
No.","検証結果
○/△/×/?/-",操作手順,備考,,,,
,C6,○,"【1】2段組のレイアウトで、左側の段に「野菜」の定義リスト、右側の段に「果物」の定義リストが、それぞれ並んで表示されるかを確認する。

","【1】○
2段組のレイアウトで、左側の段に「野菜」の定義リスト（きゅうり、なす、大根）、右側の段に「果物」の定義リスト（りんご、みかん）が、それぞれ縦に並んで表示されることを確認した。

",,,,
,C7,○,"【1】CSSをオンにした状態で、リンクテキストは「全文」だけが表示されるかを確認する。

","【1】○
「ワシントンは、経済成長を促すためのプランを発表しました」が通常のテキストで表示され、そのテキストの右に「全文」だけがリンクで表示されることを確認した。

",,,,
,C8,○,"【1】「東」と「京」、「京」と「都」の間に1文字分のスペースが空いているかを確認する。

","【1】○
「東」と「京」、「京」と「都」の間に1文字分のスペースがあることを確認した。

",,,,
,C9-1,-,"【1】ブラウザの設定を変更してCSSをオフにすると、背景画像が非表示になるかを確認する。
【2】あらかじめブラウザのメニューでテキストの文字サイズを変更しておいたり、ハイコントラスト表示にしておいたりした場合、CSSをオフにしてもそのままの設定で閲覧ができるかを確認する。

","chromeにはCSSをオフにする機能が提供されていない。

",,,,
,C9-2,○,"【1】テキストリンク「経済産業省」にマウスポインタを置くと、テキストの背景にオレンジ色の画像が表示されるかを確認する。

","【1】○
マウスを「経済産業省」の上に置くと、テキストの背景の色がオレンジ色に変わることを確認した。

",,,,
,C9-3,-,"【1】ブラウザの設定を変更してCSSをオフにすると、背景画像（角丸の囲み枠など）が非表示になるかを確認する。
【2】あらかじめブラウザのメニューでテキストの文字サイズを変更しておいたり、ハイコントラスト表示にしておいたりした場合、CSSをオフにしてもそのままの設定で閲覧ができるかを確認する。

","chromeにはCSSをオフにする機能が提供されていない。

",,,,
,G1-1,○,"【1】リンク「メインコンテンツへスキップ」が常に画面に表示されているかを確認する。
【2】リンク「メインコンテンツへスキップ」にフォーカスを移動させてリンクを押下した後、次にTabキーを押下するとニュース本文にあるリンク「PCサーバ「PRIMERGY」」にフォーカスが移動するかを確認する。

",【2】,,,,
,G1-2,○,"【1】リンク「メインコンテンツへスキップ」が画面に表示されていないかを確認する。
【2】リンク「メインコンテンツへスキップ」にフォーカスを移動させるとリンクが表示されるかを確認する。
【3】リンク「メインコンテンツへスキップ」を押下した後、次にTabキーを押下するとニュース本文にあるリンク「PCサーバ「PRIMERGY」」にフォーカスが移動するかを確認する。
","【1】○
「メインコンテンツへスキップ」が画面に表示されていないことを確認した。
【2】○
「メインコンテンツへスキップ」にフォーカスを移動させるとリンクが表示されることを確認した。
【3】○
「メインコンテンツへスキップ」を押下した後、次にTabキーを押下すると「PCサーバ「PRIMERGY」」にフォーカスが移動することを確認した。

",,,,
,G14-1,‐,テスト不要,,,,,
,G14-2,‐,テスト不要,,,,,
,G14-3,‐,テスト不要,,,,,
,G14-4,‐,テスト不要,,,,,
,G21,×,"【1】Tabキーでフォーカスをリンク「HTMLのリンク 1」へ移動させた後、Tabキーを押下するとFlashムービー内のボタン「富士通トップページへ」にフォーカスが移動し、さらにTabキーを押下するとフォーカスがFlashムービーから外へ出てリンク「HTMLのリンク 2」に移動するかを確認する。
","【1】○
「HTMLのリンク 1」へ移動させた後、Tabキーを押下するとFlashムービーではなく、「HTMLのリンク２」に移動することを確認した。

[注記]使用したFlash Playerのバージョンは、11.6.602.717

",,,,
,G53,‐,テスト不要,,,,,
,G88-1,？,"【1】タイトルバーにページタイトル「自己適合宣言｜ウェブアクセシビリティ基盤委員会」が表示されるかを確認する。
","【1】？
タブの幅内に「自己適合宣言｜ウェブア」までが表示されることを確認した。同タブにマウスを置くと、噴出しに「自己適合宣言｜ウェブアクセシビリティ基盤委員会」が表示されることを確認した。

[注記]Chromeにはタイトルバー自体が表示されない。

",,,,
,G90-1,○,"【1】ボタン画像をクリックすると、画像が切り替わるかを確認する。
【2】ボタン画像にフォーカスを移動させてEnterキーなどを押下すると、画像が切り替わるかを確認する。
","【1】○
ボタン画像をクリックすると、画像が灰色に白いロゴのものに切り替わることを確認した。
【2】○
ボタン画像にフォーカスを移動させてEnterキーなどを押下すると、画像が灰色に白いロゴのものに切り替わることを確認した。

",,,,
,G90-2,○,"【1】ボタン画像をクリックしてマウスを元に戻したときに、画像が切り替わるかを確認する。
【2】ボタン画像にフォーカスを移動させて、Enterキーなどを押下してキーを元に戻したときに、画像が切り替わるかを確認する。
","【1】○
ボタン画像をクリックしてマウスが離れると、画像が灰色に白いロゴのものに切り替わることを確認した。
【2】○
ボタン画像にフォーカスを移動させてEnterキーなどを押下、キーをあげると、画像が灰色に白いロゴのものに切り替わることを確認した。

[注記]【2】で、ボタン画像にフォーカスを移動した時点でも画像が切り替わる。

",,,,
,G90-3,○,"【1】ボタン画像にマウスポインタを乗せる（マウスオーバーする）と、画像が切り替わるかを確認する。
【2】ボタン画像にフォーカスを移動させると、画像が切り替わるかを確認する。

","【1】○
ボタン画像にマウスポインタを乗せる（マウスオーバーする）と、画像が灰色に白いロゴのものに切り替わることを確認した。
【2】○
ボタン画像にフォーカスを移動させると、画像が灰色に白いロゴのものに切り替わることを確認した。

",,,,
,G90-4,○,"【1】ボタン画像にマウスポインタを乗せた後にマウスポインタを外すと、画像が切り替わるかを確認する。
【2】ボタン画像にフォーカスを移動させた後にフォーカスを外すと、画像が切り替わるかを確認する。","【1】○
ボタン画像にマウスポインタを乗せた後にマウスポインタを外すと、画像が灰色に白いロゴのものに切り替わることを確認した。
【2】○
ボタン画像にフォーカスを移動させた後にフォーカスを外すと、画像が灰色に白いロゴのものに切り替わることを確認した。

",,,,
,G90-5,○,"【1】ボタン画像をクリックすると、画像が切り替わるかを確認する。
【2】ボタン画像にフォーカスを移動させてEnterキーなどを押下すると、画像が切り替わるかを確認する。","【1】○
ボタン画像をクリックすると、画像が灰色に白いロゴのものに切り替わることを確認した。
【2】○
ボタン画像にフォーカスを移動させてEnterキーなどを押下すると、画像が灰色に白いロゴのものに切り替わることを確認した。

",,,,
,G91,○,"【1】テキストリンクを押下して、リンク先のページへ移動できるかを確認する。
【2】テキストリンクにフォーカスを移動させて、キー操作によりリンク先のページへ移動できるかを確認する。","【1】○
テキストリンクをクリックして、「東京駅構内の最新のルート」と書かれたリンク先のページへ移動することを確認した。
【2】○
テキストリンクにフォーカスを移動させて、キー操作により「東京駅構内の最新のルート」と書かれたリンク先のページへ移動することを確認した。

",,,,
,G96-1,‐,テスト不要,,,,,
,G96-2,‐,テスト不要,,,,,
,G96-3,‐,テスト不要,,,,,
,G107,○,"【1】リンク「用語解説 (新しいウィンドウで表示)」にマウスポインタを置いただけでは何も起こらずに、リンクをクリックしたときだけリンク先が別ウィンドウで開くかを確認する。
【2】リンク「用語解説 (新しいウィンドウで表示)」にフォーカスを移動させただけでは何も起こらずに、リンクを押下したときだけリンク先が別ウィンドウで開くかを確認する。","【1】○
「用語解説 (新しいウィンドウで表示)」にマウスポインタを置いただけでは何も起こらずに、リンクをクリックしたときだけ「用語解説のページ」と書かれたリンク先が別タブで開くことを確認した。
【2】○
「用語解説 (新しいウィンドウで表示)」にフォーカスを移動させただけでは何も起こらずに、リンクを押下したときだけ「用語解説のページ」と書かれたリンク先が別タブで開くことを確認した。

",,,,
,G108,‐,テスト不要,,,,,
,G115-1,○,"【1】リンク「ダウンロードページ」がリンクであることが分かるように表示されるか（例：他の部分とは文字色が異なり、下線が付いている）を確認する。

","【1】○
リンクであることが分かるように文字色が異なり（青）、下線が付いていることを確認した。

",,,,
,G115-2,○,"【1】cite要素でマークアップされた「吾輩は猫である」が、引用元であることが分かるように表示されるか（例：イタリック/斜体で表示される）を確認する。
【2】blockquote要素でマークアップされた部分「吾輩は猫である。名前はまだ無い。･･･思わなかった。」が、引用部分であることが分かるように表示されるか（例：行頭がインデントされる）を確認する。

","【1】○
「吾輩は猫である」が、引用元であることが分かるように斜体（イタリック）で表示されていることを確認した。
【2】○
「吾輩は猫である。名前はまだ無い。･･･思わなかった。」が、引用部分であることが分かるようにインデントされて表示されていることを確認した。

",,,,
,G115-3,○,"【1】strong要素でマークアップされた「ギアがニュートラルにあることを確認してください」が、強調されていることが分かるように表示されるか（例：太字で表示される）を確認する。

","【1】○
「ギアがニュートラルにあることを確認してください」が太字で強調されていることを確認した。

",,,,
,G115-4,○,"【1】CSSをオフにした状態で、em要素（「本当に」）又はstrong要素（「素晴らしい」）でマークアップした箇所を他とは区別のつく見た目でレンダリングするかを確認する。
【2】em要素とstrong要素との区別も付くようにレンダリングするか（多くの場合、em要素はイタリック、strong要素は太字）を確認する。

","【1】○
【2】○
em要素とstrong要素との区別も付くように、“本当に”はイタリック、“素晴らしい”は太字でレンダリングすることを確認した。

",,,,
,G115-5,○,"【1】：em要素でマークアップされた「痛烈な」の背景色がCSSで指定したシアンで表示されるかを確認する。
【2】em要素でマークアップされた「痛烈な」が標準のフォントスタイルで表示されるかを確認する。

","【1】○
em要素でマークアップされた「痛烈な」の背景色がCSSで指定したシアンで表示されていることを確認した。
【2】○
em要素でマークアップされた「痛烈な」が標準のフォントスタイルで表示されていることを確認した。

",,,,
,G117,‐,テスト不要,,,,,
,G122,‐,テスト不要,,,,,
,G123-4a,△,"【1】4つのスキップリンク「メインコンテンツへスキップ」、「メイン ナビゲーションをスキップ」、「サブ ナビゲーションをスキップ」、「ウルトラ サブ ナビゲーションをスキップ」が常に表示されているかを確認する。
【2】「メイン ナビゲーションをスキップ」を押下した後、Tabキーを押すと「サブ ナビゲーションをスキップ」にフォーカスが移動するかを確認する。
【3】：「サブ ナビゲーションをスキップ」を押下した後、Tabキーを押すと「ウルトラ サブ ナビゲーションをスキップ」にフォーカスが移動するかを確認する。
【4】：「ウルトラ サブ ナビゲーションをスキップ」を押下した後、Tabキーを押すとリンク「アクセシビリティ」にフォーカスが移動するかを確認する。

","【1】○
4つのスキップリンクは常に表示されることを確認した。
【2】×
「メイン ナビゲーションをスキップ」を押下した後、Tabキーを押すと「リンクA」に移動する。
【3】×
「サブ ナビゲーションをスキップ」を押下した後、Tabキーを押すと「リンクA」に移動する。
【4】×
「ウルトラ サブ ナビゲーションをスキップ」を押下した後、Tabキーを押すと「リンクA」に移動する。

",,,,
,G123-4b,△,"【1】4つのスキップリンク「メインコンテンツへスキップ」、「メイン ナビゲーションをスキップ」、「サブ ナビゲーションをスキップ」、「ウルトラ サブ ナビゲーションをスキップ」が表示されていないかを確認する。
【2】「メイン ナビゲーションをスキップ」にフォーカスを移動すると表示され、それを押下した後、Tabキーを押すと「サブ ナビゲーションをスキップ」にフォーカスが移動するかを確認する。
【3】「サブ ナビゲーションをスキップ」にフォーカスを移動すると表示され、それを押下した後、Tabキーを押すと「ウルトラ サブ ナビゲーションをスキップ」にフォーカスが移動するかを確認する。
【4】「ウルトラ サブ ナビゲーションをスキップ」にフォーカスを移動すると表示され、それを押下した後、Tabキーを押すとリンク「アクセシビリティ」にフォーカスが移動するかを確認する。
","【1】○
4つのスキップリンクは表示されていないことを確認した。
【2】×
「メイン ナビゲーションをスキップ」にフォーカスを移動すると表示され、それを押下した後、Tabキーを押すと「リンクA」に移動する。
【3】×
「サブ ナビゲーションをスキップ」にフォーカスを移動すると表示され、それを押下した後、Tabキーを押すと「リンクA」に移動する。
【4】×
「ウルトラ サブ ナビゲーションをスキップ」にフォーカスを移動すると表示され、それを押下した後、Tabキーを押すと「リンクA」に移動する。

",,,,
,G124-1,△,"【1】3つのスキップリンク「メインコンテンツへスキップ」「検索ボックスへスキップ」「メインメニューへスキップ」が常に表示されているかを確認する。
【2】「メインコンテンツへスキップ」を押下した後、次にTabキーを押下するとリンク「メインコンテンツにあるリンク」にフォーカスが移動するかを確認する。
【3】「検索ボックスへスキップ」を押下した後、次にTabキーを押下すると検索のテキストフィールドにフォーカスが移動するかを確認する。
【4】「メインメニューへスキップ」を押下した後、次にTabキーを押下するとリンク「このサイトについて」にフォーカスが移動するかを確認する。

","【1】○
3つのスキップリンクは常に表示されていることを確認した。
【2】×
「メインコンテンツへスキップ」を押下した後、次にTabキーを押下すると「検索ボックスへスキップ」にフォーカスが移動する。
【3】×
「検索ボックスへスキップ」を押下した後次にTabキーを押下すると、「メインコンテンツへスキップ」にフォーカスが移動する。
【4】×：「メインメニューへスキップ」を押下した後、次にTabキーを押下するとテキストフィールドにフォーカスが移動する。

",,,,
,G124-2,△,"【1】3つのスキップリンク「メインコンテンツへスキップ」「検索ボックスへスキップ」「メインメニューへスキップ」が、常には表示されておらず、フォーカスを移動させた際のみ表示されるかを確認する。
【2】スキップリンク「メインコンテンツへスキップ」を押下した後、次にTabキーを押下するとリンク「メインコンテンツにあるリンク」にフォーカスが移動するかを確認する。
【3】「検索ボックスへスキップ」を押下した後、次にTabキーを押下すると検索のテキストフィールドにフォーカスが移動するかを確認する。
【4】「メインメニューへスキップ」を押下した後、次にTabキーを押下するとリンク「このサイトについて」にフォーカスが移動するかを確認する。

","【1】○
3つのスキップリンク「メインコンテンツへスキップ」「検索ボックスへスキップ」「メインメニューへスキップ」は常に表示されておらず、フォーカスが当たった時だけ表示されることを確認した。
【2】×
「メインコンテンツへスキップ」を押下した後、次にTabキーを押下すると「検索ボックスへスキップ」にフォーカスが移動する。
【3】×
「検索ボックスへスキップ」を押下した後次にTabキーを押下すると、「メインコンテンツへスキップ」にフォーカスが移動する。
【4】×：「メインメニューへスキップ」を押下した後、次にTabキーを押下するとテキストフィールドにフォーカスが移動する。

",,,,
,G138,○,"【1strong要素でマークアップされた「[必須]」が、強調されていることが分かるように、他のテキストとは区別がつくように表示されるか（例：太字で表示される）を確認する。

","【1】○
strong要素でマークアップされた「[必須]」が、強調されていることが分かるように、他のテキストとは区別がつくように表示されることを確認した。

",,,,
,G187,×,"【1】何らかのキー操作により、画像の点滅を静止できるかを確認する。

","【1】○
何らかのキー操作により、画像の点滅を静止できないことを確認した。

",,,,
,G196-1,×,"【1】ブラウザの設定を変更して画像非表示にした際、画像の代わりに代替テキスト「5つ星中、星3個」が表示されるかを確認する。

画像非表示の設定は下記の通り実施
ブラウザ右上のボタン→[コンテンツの設定]→“画像”[すべての画像を表示しない]にチェック

","【1】×
代替テキスト「5つ星中、星3個」が表示されない。

",,,,
,G196-2,×,"【1】ブラウザの設定を変更して画像非表示にした際、それぞれの代替テキスト「A」、「AA」、「AAA」が表示されるか（「AA」と「AAA」では、2つ目以降の画像については何も表示されないか）を確認する。

画像非表示の設定は下記の通り実施
ブラウザ右上のボタン→[コンテンツの設定]→“画像”[すべての画像を表示しない]にチェック

","【1】×
代替テキスト「A」、「AA」、「AAA」が表示されない。

",,,,
,H2-1,○,"【1】ブラウザの設定を変更して画像非表示にした際、アイコン画像が表示されず、代替テキストも表示されないかを確認する。

画像非表示の設定は下記の通り実施
ブラウザ右上のボタン→[コンテンツの設定]→“画像”[すべての画像を表示しない]にチェック

","【1】○
アイコン画像と代替テキストが表示されないことを確認した。

",,,,
,H2-2,×,"【1】ブラウザの設定を変更して画像非表示にした際、アイコン画像の代わりに、代替テキスト「富士通株式会社」が表示されるかを確認する。

画像非表示の設定は下記の通り実施
ブラウザ右上のボタン→[コンテンツの設定]→“画像”[すべての画像を表示しない]にチェック

","【1】×
アイコン画像も代替テキストも表示されないことを確認した。

",,,,
,H4-1,○,"【1】以下のようにフォーカスが移動することを確認する。
「夫の姓」→「夫の名」→「夫の出身地」→「妻の姓」→「妻の名」→「妻の出身地 」

","【1】○
「夫の姓」→「夫の名」→「夫の出身地」→「妻の姓」→「妻の名」→「妻の出身地 」の順でフォーカスが移動することを確認した。

",,,,
,H4-2,○,"【1】以下のようにフォーカスが移動することを確認する。
「テキストフィールド」→「[検索ボタン]」→「携帯サイト」→「サイトマップ」

","【1】○
「テキストフィールド」→「[検索ボタン]」→「携帯サイト」→「サイトマップ」の順でフォーカスが移動することを確認した。

",,,,
,H4-3a,○,"【1】以下のようにフォーカスが移動することを確認する。
「リンク 1」→「リンク 3」→「リンク 2」→「リンク 4」

","【1】○
「リンク 1」→「リンク 3」→「リンク 2」→「リンク 4」の順でフォーカスが移動することを確認した。

",,,,
,H4-3b,○,"【1】以下のようにフォーカスが移動することを確認する。
「リンク 1」→「リンク 2」→「リンク 21」→「リンク 3」→「リンク20」","【1】○
「リンク 1」→「リンク 2」→「リンク 21」→「リンク 3」→「リンク20」の順でフォーカスが移動することを確認した。

",,,,
,H24,×,"【1】ブラウザの設定を画像非表示にした際に、area要素のalt属性に記述した代替テキスト「S棟（ソリューション棟）」及び「O棟（オフィス棟）」及び「C棟（共通棟）」が表示されるかを確認する。

画像非表示の設定は下記の通り実施
ブラウザ右上のボタン→[コンテンツの設定]→“画像”[すべての画像を表示しない]にチェック

","【1】×
代替テキストが表示されないことを確認した。

",,,,
,H25,？,"【1】タイトルバーにページタイトル「ワールドワイドウェブコンソーシアム」が表示されるかを確認する。
","【1】？
タブの幅内に「ワールドワイドウェブコ」までが表示されることを確認した。同タブにマウスを置くと、噴出しに「ワールドワイドウェブコンソーシアム」が表示されることを確認した。

[注記]Chromeにはタイトルバー自体が表示されない。

",,,,
,H30-1,‐,テスト不要,,,,,
,H30-2,×,"【1】ブラウザの設定を変更して画像非表示にした際に、リンク画像の代わりに代替テキストが表示されるかを確認する。

画像非表示の設定は下記の通り実施
ブラウザ右上のボタン→[コンテンツの設定]→“画像”[すべての画像を表示しない]にチェック

","【1】×
リンク画像の代わりに何も表示されないことを確認した。

",,,,
,H30-3,○,"【1】ブラウザの設定を変更して画像非表示にした際に、リンク画像の代わりに何も表示されないかを確認する。

画像非表示の設定は下記の通り実施
ブラウザ右上のボタン→[コンテンツの設定]→“画像”[すべての画像を表示しない]にチェック

","【1】○
代替テキストが表示されず、テキストリンク「東京駅構内の最新のルート」だけが表示されることを確認した。

",,,,
,H30-4,○,"【1】ブラウザの設定を変更して画像非表示にした際に、アイコン画像の代わりに何も表示されず、テキストリンクだけが表示されるかを確認する。

画像非表示の設定は下記の通り実施
ブラウザ右上のボタン→[コンテンツの設定]→“画像”[すべての画像を表示しない]にチェック

","【1】○
アイコン画像の代わりに何も表示されず、テキストリンク「首相官邸ホームページ」だけが表示されることを確認した。

",,,,
,H30-5,×,"【1】ブラウザの設定を変更して画像非表示にした際に、アイコン画像の代わりに代替テキスト「PDFファイル」が表示されるかを確認する。

画像非表示の設定は下記の通り実施
ブラウザ右上のボタン→[コンテンツの設定]→“画像”[すべての画像を表示しない]にチェック

","【1】×
アイコン画像の代わりに何も表示されず、テキストリンク「施設ご利用の手引き」だけが表示されることを確認した。

",,,,
,H32-1,○,"【1】[申し込む]ボタンを押下（マウス操作：）すると、フォームが送信されるかを確認する。
【2】[申し込む]ボタンを押下（キーボード操作：）すると、フォームが送信されるかを確認する。

","【1】○
[申し込む]ボタンを押下すると、フォームが送信されることを確認した。
【2】○
[申し込む]ボタンを押下すると、フォームが送信されることを確認した。

",,,,
,H32-2,○,"【1】セレクトメニューで選択肢を選んだだけでは何も起こらず、[選択したページへ移動する]ボタンをクリック（マウス操作）すると選択したページへリダイレクトされるかを確認する。
【2】セレクトメニューで選択肢を選んだだけでは何も起こらず、[選択したページへ移動する]ボタンを押下（キーボード操作）すると選択したページへリダイレクトされるかを確認する。

","【1】○
セレクトメニューで選択肢を選んだだけでは何も起こらず、[選択したページへ移動する]ボタンをクリック（マウス操作）すると選択したページへリダイレクトされることを確認した。
【2】○
セレクトメニューで選択肢を選んだだけでは何も起こらず、[選択したページへ移動する]ボタンを押下（キーボード操作）すると選択したページへリダイレクトされることを確認した。

",,,,
,H33-1,△,"【1】マウスポインタをリンク上に置いた際に、ツールチップでtitle属性値「富士通株式会社の公式サイト」が表示されるかを確認する。
【2】リンクにフォーカスを移動させた際に、ツールチップでtitle属性値「富士通株式会社の公式サイト」が表示されるかを確認する。

","【1】○
マウスをリンク上に置いた際にツールチップで「富士通株式会社の公式サイト」と表示されることを確認した。
【2】×
キーボード操作でリンクにフォーカスを移動した際に、ツールチップが表示されないことを確認した。

",,,,
,H33-2,△,"【1】リンク「富士通 公開サイト」にtitle属性値による補足説明があることが分かるように表示されるかを確認する。
【2】リンク「富士通 公開サイト」にマウスポインタを置いた際に、title属性値「新しいウィンドウで開く」がツールチップで表示されるかを確認する。
【3】リンク「富士通 公開サイト」にフォーカスを移動させた際に、title属性値「新しいウィンドウで開く」がツールチップで表示されるかを確認する。

","【1】×
リンクによる下線であり、title属性としての補足説明が表示されていないことを確認した。
【2】○
マウスをリンク上に置いた際にツールチップで「新しいウィンドウで開く」と表示されることを確認した。
【3】×
キーボード操作でリンクにフォーカスを移動した際に、ツールチップが表示されないことを確認した。

",,,,
,H35,×,"【1】アプレットを非表示にした際に、alt属性「三目並べゲーム(alt属性値)」又はapplet要素のボディに記述した代替テキスト「三目並べゲーム(applet要素のボディ)」が表示されるかを確認する。

","【1】×
chromeのデフォルト状態ではアプレットの表示機能が提供されておらず、alt属性、代替テキストの表示は確認できない。

",,,,
,H36,×,"【1】ブラウザの設定を変更して画像非表示にした際に、画像の代わりに代替テキスト「送信」が表示されるかを確認する。

画像非表示の設定は下記の通り実施
ブラウザ右上のボタン→[コンテンツの設定]→“画像”[すべての画像を表示しない]にチェック

","【1】×
代替テキスト「送信」が表示されないことを確認した。

",,,,
,H37-1,×,"【1】ブラウザの設定を変更して画像非表示にした際に、画像の代わりに代替テキスト「東京駅構内図を見る」が表示されるかを確認する。

画像非表示の設定は下記の通り実施
ブラウザ右上のボタン→[コンテンツの設定]→“画像”[すべての画像を表示しない]にチェック

","【1】×
代替テキスト「東京駅構内図を見る」が表示されないことを確認した。

",,,,
,H37-2,×,"【1】ブラウザの設定を画像非表示に変更して、イメージマップ画像の代わりに代替テキスト「デパートのフロアガイド。各階について詳しくお知りになりたい場合は各階を選択してください。」が表示されるかを確認する。

画像非表示の設定は下記の通り実施
ブラウザ右上のボタン→[コンテンツの設定]→“画像”[すべての画像を表示しない]にチェック

","【1】×
代替テキストト「デパートのフロアガイド。各階について詳しくお知りになりたい場合は各階を選択してください。」が表示されないことを確認した。

",,,,
,H39,○,"【1】caption要素で記述した「3月6日の週の予定」がデータテーブルの表題として表示されるかを確認する。

","【1】○
「3月6日の週の予定」がデータテーブルの表題として表示されることを確認した。

",,,,
,H42,○,"【1】見出しとしてマークアップされている「本日の株式市場」(h1)、「サイト内ナビゲーション」(h2)、「関連リンク」(h2)が、それぞれ見出しであることが分かるように表示されるか（例：サイズの大きい太字のテキストで、h1の見出しがh2の見出しよりもサイズが大きい）を確認する。

","【1】○
「本日の株式市場」、「サイト内ナビゲーション」、「関連リンク」がそれぞれ見出しと分かる大きさで表示され、また、「本日の株式市場」は他の2つよりも大きく表示されることを確認した。

",,,,
,H43,‐,テスト不要,,,,,
,H44-1,○,"【1】マウスポインタでラベル（テキスト）「お名前」をクリックして、テキストフィールドにフォーカスが移動するかを確認する。

","【1】○
マウスポインタで「お名前」をクリックすると、テキストフィールドにフォーカスが移動することを確認した。

",,,,
,H44-2,○,"【1】マウスポインタでラベル（テキスト）「HTML」をクリックして、チェックボックスの状態（「チェックあり」と「チェックなし」）を切り替えることができるかを確認する。

","【1】○
マウスポインタでラベル「HTML」をクリックすると、チェックボックスの状態（「チェックあり」と「チェックなし」）が切り替わることを確認した。

",,,,
,H44-3,○,"【1】ラジオボタンのラベル（「チョコレートタイプ」、「クリームたっぷりタイプ」、「はちみつがけタイプ」）をマウスポインタでクリックすると、それぞれのラジオボタンが選択された状態になるかを確認する。

","【1】○
ラジオボタンのラベル（「チョコレートタイプ」、「クリームたっぷりタイプ」、「はちみつがけタイプ」）をマウスポインタでクリックすると、それぞれのラジオボタンが選択された状態になることを確認した。

",,,,
,H45,×,"【1】ブラウザの設定を変更して画像を非表示にした際に、何らかの方法によってlongdesc属性で指定しているリンク先のH45-ref1.htmlへ移動できるかを確認する。

画像非表示の設定は下記の通り実施
ブラウザ右上のボタン→[コンテンツの設定]→“画像”[すべての画像を表示しない]にチェック

","【1】×
エリア内に何も表示されないことを確認した。

",,,,
,H48-1,○,"【1】各リスト項目の先頭に数字が順に表示されるかを確認する。

","【1】○
以下の通り表示されることを確認した。
1.ボウルにたまごと牛乳を入れ、混ぜます。
2.塩とコショウを加えます。

",,,,
,H48-2,‐,テスト不要,,,,,
,H48-3,○,"【1】用語と定義が区別できるように表示されるか（例：定義がインデントされる）を確認する。

","【1】○
“点滅”と“一秒間に3〜5回点いたり消えたりすること。”が異なる行に表示され、“一秒間に3〜5回点いたり消えたりすること。”は2文字分程度“点滅”よりもインデントがついた状態で表示されることを確認した。

",,,,
,H49-1,○,"【1】CSSをオフにした状態で、em要素（「本当に」）又はstrong要素（「素晴らしい」）でマークアップした箇所を他とは区別のつく見た目でレンダリングするかを確認する。
【2】em要素とstrong要素との区別も付くようにレンダリングするか（多くの場合、em要素はイタリック、strong要素は太字）を確認する。


CSSオフでの確認方法は次の通り
chromeはCSSをオフにする機能が提供されていないため、“テスト開始”から“テスト終了”までのエリアだけを別HTMLに書き出して表示確認した。

","【1】○
“本当に”はイタリック、“素晴らしい”は太字で表示され、他とは区別がつく見た目であることを確認した。
【2】○
em要素とstrong要素との区別も付くように、“本当に”はイタリック、“素晴らしい”は太字でレンダリングすることを確認した。

",,,,
,H49-2,○,"【1】CSSをオフにした状態で、cite要素（「わが人生の物語」）でマークアップした箇所を他とは区別のつく見た目でレンダリングするか（多くの場合、cite要素はイタリックで表示される）を確認する。

CSSオフでの確認方法は次の通り
chromeはCSSをオフにする機能が提供されていないため、“テスト開始”から“テスト終了”までのエリアだけを別HTMLに書き出して表示確認した。


【2】CSSをオフにした状態で、blockquote要素（「ここが引用されている･･･」）でマークアップした箇所を他とは区別のつく見た目でレンダリングするか（多くの場合、blockquote要素はインデントされる）を確認する。


CSSオフでの確認方法は次の通り
chromeはCSSをオフにする機能が提供されていないため、“テスト開始”から“テスト終了”までのエリアだけを別HTMLに書き出して表示確認した。

","【1】○
“わが人生の物語”がイタリックで表示さ、他とは区別がつく見た目であることを確認した。
【2】○
“ここが引用されている、、”のエリアがインデントされて表示されることを確認した。

",,,,
,H49-3,○,"【1】q要素でマークアップした部分「自己憐憫は･･･でしょう」の前後に引用符（""）が一つずつ表示されるか（引用符が2つ続いて表示されていないか）を確認する。

","【1】○
「自己憐憫は･･･でしょう」の前後に引用符（""）が一つずつ表示される（引用符が2つ続いて表示されていないか）ことを確認した。

",,,,
,H49-4,○,"【1】sup要素でマークアップされた""Zn2+""の""2+""が、上付き文字として表示されるかを確認する。
【2】sub要素でマークアップされた""H2O""の""2""が、下付き文字で表示されるかを確認する。

","【1】○
""Zn2+""の""2+""が、上付き文字として表示されることを確認した。
【2】○
""H2O""の""2""が、下付き文字で表示されることを確認した。

",,,,
,H50-1,×,"【1】何らかのキー操作により、リスト全体（リストとしてマークアップされた部分）をスキップできるかを確認する。

","【1】×
リスト全体をスキップすることはできないことを確認した。

",,,,
,H50-2,‐,テスト不要,,,,,
,H51,○,"【1】列見出しセルと行見出しセルが、データセルと区別がつくように表示されるか（例：列見出しセルと行見出しセルは太字で表示される）を確認する。

","【1】○
列見出し（月曜、火曜、水曜、木曜、金曜）と行見出し（8時〜9時、9時〜10時）が太字で表示されることを確認した。

",,,,
,H53-1,○,"【1】「ここには、オブジェクトとその動作についての説明が入ります。」という代替テキストが表示されるかを確認する。

","【1】○
「ここには、オブジェクトとその動作についての説明が入ります。」という代替テキストが表示されることを確認した。

",,,,
,H53-2,○,"【1】富士通のロゴ画像（H53-2.gif）が表示されるかを確認する。
","【1】○
富士通のロゴ画像（H53-2.gif）が表示されることを確認した。

",,,,
,H53-3,△,"【1】ロゴの画像が表示されるかを確認する。
【2】ブラウザの設定を画像非表示に変更した場合、画像の代わりに代替テキスト「富士通」が表示されるかを確認する。

画像非表示の設定は下記の通り実施
ブラウザ右上のボタン→[コンテンツの設定]→“画像”[すべての画像を表示しない]にチェック

","【1】○
富士通のロゴ画像が表示されることを確認した。
【2】×
画像の代わりの代替テキストも何も表示されないことを確認した。

",,,,
,H56,○,"【1】「」内の数字及び句読点が次の並び順で表示されるかを確認する。
1, 2, 3, 4, 5, 、, 6789, 。

","【1】○
「」内は「1 2 3 4 5、6789。」と表示されることを確認した。

",,,,
,H57-1,○,"【1】リンク先のページが英語で表示されるかを確認する。
","【1】○
「The power of the Web is in its universality. Access by everyone regardless of disability is an essential aspect.」という内容のページが表示されることを確認した。

",,,,
,H57-2,○,"【1】リンク先のページが英語で表示されるかを確認する。
","【1】○
「The power of the Web is in its universality. Access by everyone regardless of disability is an essential aspect.」という内容のページが表示されることを確認した。

",,,,
,H57-3,○,"【1】リンク先のページが英語で表示されるかを確認する。
","【1】○
「The power of the Web is in its universality. Access by everyone regardless of disability is an essential aspect.」という内容のページが表示されることを確認した。

",,,,
,H63,‐,テスト不要,,,,,
,H64-1,‐,テスト不要,,,,,
,H64-2,‐,テスト不要,,,,,
,H65-1,△,"【1】マウスポインタをセレクトメニュー上に置いた際に、title属性値「検索範囲を選択」がツールチップとして表示されるかを確認する。
【2】フォーカスをセレクトメニュー上に移動させた際に、title属性値「検索範囲を選択」がツールチップとして表示されるかを確認する。

","【1】○
マウスポインタをセレクトメニュー上に置いた際に、「検索範囲を選択」がツールチップとして表示されることを確認した。
【2】×
フォーカスをセレクトメニュー上に移動させた際に、ツールチップが何も表示されないことを確認した。

",,,,
,H65-2,△,"【1】マウスポインタを各テキストフィールド上に置いた際に、それぞれのtitle属性値「市外局番」、「市内局番」、「加入者番号」がツールチップとして表示されるかを確認する。
【2】Tabキーで各テキストフィールドにフォーカスを移動させた際に、それぞれのtitle属性値「市外局番」、「市内局番」、「加入者番号」がツールチップとして表示されるかを確認する。

","【1】○
マウスポインタを各テキストフィールド上に置いた際に、「市外局番」、「市内局番」、「加入者番号」がツールチップとして表示されることを確認した。
【2】×
Tabキーで各テキストフィールドにフォーカスを移動させた際に、それぞれツールチップが何も表示されないことを確認した。

",,,,
,H65-3,△,"【1】マウスポインタをテキストフィールド上に置いた際に、title属性値「検索キーワードを入力」がツールチップとして表示されるかを確認する。
【2】Tabキーでテキストフィールドにフォーカスを移動させた際に、title属性値「検索キーワードを入力」がツールチップとして表示されるかを確認する。

","【1】○
マウスポインタをテキストフィールド上に置いた際に、「検索キーワードを入力」がツールチップとして表示されることを確認した。
【2】×
Tabキーでテキストフィールドにフォーカスを移動させた際に、ツールチップが何も表示されないことを確認した。

",,,,
,H67,○,"【1】ブラウザの設定を画像非表示に変更した際に、代替テキストとなるものが表示されないかを確認する。

画像非表示の設定は下記の通り実施
ブラウザ右上のボタン→[コンテンツの設定]→“画像”[すべての画像を表示しない]にチェック

","【1】○
ブラウザの設定を画像非表示に変更した際に、代替テキストとなるものが表示されないことを確認した。

",,,,
,H69,×,"【1】ショートカットキーなどを用いて、キーボード操作のみで各見出し（「検索技術に関する定期刊行物」、「検索」、「ご利用可能な雑誌」、「検索結果」）へ順にフォーカスを移動できるかを確認する。
【2】同様に、キーボード操作のみで前の見出しへフォーカスを移動できるか（逆の順序でも移動できるか）を確認する。

","【1】×
ショートカットキーで見出しにフォーカスが当たらないことを確認した。
【2】×
キーボード操作で前の見出しにフォーカスが移動しないことを確認した。

",,,,
,H70,○,"【1】：フレーム間を移動するキー操作により、メインコンテンツのフレームを選択して（「ナビゲーションバー」のフレーム内にあるリンクをスキップして）メインコンテンツのフレーム内にフォーカスを移動できるかを確認する。
【2】フレームのリスト表示機能がある場合は、title属性値「メインコンテンツ」を選択してメインコンテンツのフレーム内にフォーカスを移動できるかを確認する。

","【1】○
F6操作によってフレーム間移動でることを確認した。
【2】×
chromeはフレームのリスト表示機能が提供されていない。

",,,,
,H71-1,○,"【1】legend要素の文言「ハムレットの作者は？」が、5つのラジオボタンをグルーピングしたラベルと分かるように表示されるか（例：5つのラジオボタンを罫線で囲んでいる）を確認する。

","【1】○
「ハムレットの作者は？」が、5つのラジオボタンをグルーピングしたラベルと分かるように表示されることを確認した。

",,,,
,H71-2,○,"【1】legend要素の文言「興味のある項目（当てはまるものはすべてチェック）」が、3つのチェックボックスをグルーピングしたラベルと分かるように表示されるか（例：3つのチェックボックスを罫線で囲んでいる）を確認する。

","【1】○
「興味のある項目（当てはまるものはすべてチェック）」が、3つのチェックボックスをグルーピングしたラベルと分かるように表示されることを確認した。

",,,,
,H71-3,○,"【1】legend要素の文言「好きな哲学者は？」が、3つのラジオボタンをグルーピングしたラベルと分かるように表示されるか（例：3つのラジオボタンを罫線で囲んでいる）。

","【1】○
「好きな哲学者は？」が、3つのラジオボタンをグルーピングしたラベルと分かるように表示されることを確認した。

",,,,
,H71-4,○,"【1】legend要素の文言「自宅住所」、「送付先住所」が、それぞれ2つのテキストフィールド（「あて先」と「郵便番号」）をグルーピングしたラベルと分かるように表示されるか（例：それぞれが2つのテキストフィールドを罫線で囲んでいる）を確認する。

","【1】○
「自宅住所」、「送付先住所」が、それぞれ2つのテキストフィールド（「あて先」と「郵便番号」）をグルーピングしたラベルと分かるように表示されることを確認した。

",,,,
,H73-1,‐,テスト不要,,,,,
,H73-2,‐,テスト不要,,,,,
,H77-1,‐,テスト不要,,,,,
,H77-2,‐,テスト不要,,,,,
,H78,‐,テスト不要,,,,,
,H79,‐,テスト不要,,,,,
,H80-1,‐,テスト不要,,,,,
,H80-2,‐,テスト不要,,,,,
,H80-3,‐,テスト不要,,,,,
,H81-1,‐,テスト不要,,,,,
,H81-2,‐,テスト不要,,,,,
,H84-1,○,"【1】セレクトメニューで月を選択（マウス操作）しても何も実行されず、[表示]ボタンを押下するとリンク先が表示されるかを確認する。
【2】セレクトメニューで月を選択（キーボード操作）しても何も実行されず、[表示]ボタンを押下するとリンク先が表示されるかを確認する。

","【1】○
マウス操作によりセレクトメニューで1月を選択しても何も表示されず、[表示]ボタンを押下すると“1月のカレンダー”と表示される画面へ遷移することを確認した。
【2】○
キーボード操作によりセレクトメニューで1月を選択しても何も表示されず、[表示]ボタンを押下すると“1月のカレンダー”と表示される画面へ遷移することを確認した。

",,,,
,H84-2,○,"【1】セレクトメニューでオプションを選択しても何も実行されず、[実行]ボタンを押下するとリンク先が表示されるかを確認する。
【2】セレクトメニューでオプションを選択しても何も実行されず、[実行]ボタンを押下するとリンク先が表示されるかを確認する。

","【1】○
マウス操作によりセレクトメニューで“なし”以外を選択しても何も表示されず、[表示]ボタンを押下すると画面が遷移することを確認した。
【2】○
キーボード操作によりセレクトメニューで“なし”以外を選択しても何も表示されず、[表示]ボタンを押下すると画面が遷移することを確認した。

",,,,
,H85-1,○,"【1】セレクトメニュー内の選択肢が、optgroup要素のlabel属性値でグルーピングされた状態で表示されるか（例：「フルーツ」が「リンゴ」、「バナナ」、「桃」、「みかん」をグルーピングしたラベルであることが分かるように、セレクトメニュー内で「フルーツ」を太字にして、各選択肢をインデント表示する）を確認する。

","【1】○
セレクトメニュー内の選択肢が、次のようにグルーピングされた状態で表示されることを確認した。

“フルーツ”（太字）の下に“リンゴ”“バナナ”“桃”“みかん”、
“野菜”（太字）の下に“にんじん”“キュウリ”“ピーマン”、
“焼菓子”（太字）の下に“アップルパイ”“チョコレートケーキ”

",,,,
,H85-2,○,"【1】選択肢をグルーピングしているoptgroup要素のlabel属性値が、そのグループのラベルであることが分かるように表示されるかを確認する。

","【1】○
次の文言（General Techniques、HTML Techniques、CSS Techniques、SMIL Techniques、ARIA Techniques、Common Techniques）が、そのグループのラベルであることが分かるように太字で表示されることを確認した。

",,,,
,H86-1,△,"【1】顔文字「（＾＾）」にtitle属性値による補足説明があることが分かるように表示されるか（例：破線の下線が付く）を確認する。
【2】顔文字「（＾＾）」にマウスポインタを置くと、ツールチップでtitle属性値「笑顔」が表示されるかを確認する。
【3】何らかのキー操作により、顔文字「（＾＾）」にツールチップでtitle属性値「笑顔」が表示されるかを確認する。

","【1】×
補足説明としての破線の下線はついていないことを確認した。
【2】○
顔文字にマウスポインタを置くと「笑顔」と書かれたツールチップが表示されることを確認した。
【3】×
ツールチップを表示させるためのキー操作はないことを確認した。

",,,,
,H86-2,‐,テスト不要,,,,,
,H86-3,△,"【1】テキスト「Au5t1N r0xx0rz」にtitle属性値があることが分かるように表示されるか（例：破線のアンダーラインや囲み罫線など）を確認する。
【2】マウスポインタをテキスト「Au5t1N r0xx0rz」の上に置くと、title属性値「Austin Rocks」がツールチップで表示されるかを確認する。

","【1】×
title属性を示すような破線の下線や囲み罫線がついていないことを確認した。
【2】○
顔文字にマウスポインタを置くと「Austin Rocks」と書かれたツールチップが表示されることを確認した。

",,,,
,H91-1a,○,"【1】リンクをクリックして、リンク先に移動できるかを確認する。
【2】リンクにフォーカスを移動させた後、押下してリンク先に移動できるかを確認する。

","【1】○
テキストリンク「富士通」をクリックして“http://jp.fujitsu.com/”に移動することを確認した。
【2】○
テキストリンク「富士通」にフォーカスを移動させた後でEnterキーを押下して“http://jp.fujitsu.com/”に移動することを確認した。

",,,,
,H91-1b,○,"【1】リンクをクリックして、リンク先に移動できるかを確認する。
【2】リンクにフォーカスを移動させた後、押下してリンク先に移動できるかを確認する。

","【1】○
画像リンクをクリックして“http://jp.fujitsu.com/”に移動することを確認した。
【2】○
画像リンクにフォーカスを移動させた後でEnterキーを押下して“http://jp.fujitsu.com/”に移動することを確認した。

",,,,
,H91-1c,○,"【1】リンクをクリックして、リンク先に移動できるかを確認する。
【2】リンクにフォーカスを移動させた後、押下してリンク先に移動できるかを確認する。

","【1】○
テキストリンク「公式ウェブサイトをクリックして“http://jp.fujitsu.com/”に移動することを確認した。
【2】○
画像・テキストリンクにフォーカスを移動させた後でEnterキーを押下して“http://jp.fujitsu.com/”に移動することを確認した。

",,,,
,H91-2a,○,"【1】ボタンをクリックできるかを確認する。
【2】ボタンにフォーカスを移動させた後、押下できるかを確認する。

","【1】○
「保存」ボタンがクリックでき、“ボタンが押下されました”というダイアログが表示されることを確認した。
【2】○
「保存」ボタンにフォーカスを移動させた後でEnterキーを押下でき、“ボタンが押下されました”というダイアログが表示されることを確認した。

",,,,
,H91-2b,○,"【1】各ボタンをクリックできるかを確認する。
【2】各ボタンにフォーカスを移動させた後、押下できるかを確認する。

","【1】○
「保存」「送信」「リセット」の各ボタンがクリックでき、それぞれ“ボタンが押下されました”というダイアログが表示されることを確認した。
【2】○
「保存」「送信」「リセット」の各ボタンにフォーカスを移動させた後でEnterキーを押下でき、それぞれ“ボタンが押下されました”というダイアログが表示されることを確認した。

",,,,
,H91-2c,○,"【1】ボタンをクリックできるかを確認する。
【2】ボタンにフォーカスを移動させた後、押下できるかを確認する。

","【1】○
「保存」ボタンがクリックでき、“ボタンが押下されました”というダイアログが表示されることを確認した。
【2】○
「保存」ボタンにフォーカスを移動させた後でEnterキーを押下でき、“ボタンが押下されました”というダイアログが表示されることを確認した。

",,,,
,H91-2d,○,"【1】ボタンをクリックできるかを確認する。
【2】ボタンにフォーカスを移動させた後、押下できるかを確認する。

","【1】○
「保存」ボタンがクリックでき、“ボタンが押下されました”というダイアログが表示されることを確認した。
【2】○
「保存」ボタンにフォーカスを移動させた後でEnterキーを押下でき、“ボタンが押下されました”というダイアログが表示されることを確認した。

",,,,
,H91-2e,△,"【1】マウスポインタを置いた際に、title属性値「ファイルを保存する」がツールチップで表示されるかを確認する。
【2】ボタンにフォーカスを移動させた際に、title属性値「ファイルを保存する」がツールチップで表示されるかを確認する。

","【1】○
「保存」ボタンにマウスポインタを置いた際に、「ファイルを保存する」とのツールチップが表示されることを確認した。
【2】×
「保存」ボタンにフォーカスを移動した際に、ツールチップが何も表示されないことを確認した。

",,,,
,H91-3a,○,"【1】テキストフィールドにフォーカスを移動（マウス操作）して、value属性値「バナナ」を編集できるかを確認する。
【2】テキストフィールドにフォーカスを移動（キーボード操作）して、value属性値「バナナ」を編集できるかを確認する。

","【1】○
テキストフィールドにフォーカスを移動（マウス操作）して、「バナナ」を削除（編集）できることを確認した。。
【2】○
テキストフィールドにフォーカスを移動（キーボード操作）して、「バナナ」を消す（編集）できることを確認した。

",,,,
,H91-3b,△,"【1】テキストフィールドにマウスポインタを置いた際に、title属性値「果物の種類」がツールチップで表示されるかを確認する。
【2】テキストフィールドにフォーカスを移動した際に、value属性値「バナナ」を編集できるかを確認する。
【3】テキストフィールドにフォーカスを移動した際に、title属性値「果物の種類」がツールチップで表示されるかを確認する。
【4】テキストフィールドにフォーカスを移動した際に、value属性値「バナナ」を編集できるかを確認する。

","【1】○
テキストフィールドにマウスポインタを置いた際に、「果物の種類」がツールチップで表示されることを確認した。
【2】○
テキストフィールドにフォーカスを移動した際に、「バナナ」を削除（編集）できることを確認した。
【3】×
テキストフィールドにフォーカスを移動した際に、ツールチップが何も表示されないことを確認した。
【4】○
テキストフィールドにフォーカスを移動した際に、「バナナ」を削除（編集）できることを確認した。

",,,,
,H91-4,○,"【1】チェックボックスにフォーカスを移動させ、何らかのキー操作でチェックボックスの状態を選択及び非選択に変更できるかを確認する。

","【1】○
チェックボックスにフォーカスを移動させ、スペースキーを押下することでチェックボックスの状態を選択及び非選択に変更できることを確認した。

",,,,
,H91-5,○,"【1】ラジオボタンにフォーカスを移動させ、何らかのキー操作でラジオボタンの選択を変更できるかを確認する。

","【1】○
ラジオボタンにフォーカスを移動させ、左右矢印キー（“←”“→”）でラジオボタンの選択を変更できることを確認した。

",,,,
,H91-6a,○,"【1】マウス操作によってセレクトメニューの選択肢「1」、「2」、「3」をそれぞれ選択できるかを確認する。
【2】セレクトメニューにフォーカスを移動させた後、何らかのキー操作により、セレクトメニューの選択肢「1」、「2」、「3」をそれぞれ選択できるかを確認する。

","【1】○
マウス操作によってセレクトメニューの選択肢「1」、「2」、「3」をそれぞれ選択できることを確認した。
【2】○
セレクトメニューにフォーカスを移動させた後、上下矢印キー（“↑”“↓”）でセレクトメニューの選択肢「1」、「2」、「3」をそれぞれ選択できることを確認した。

",,,,
,H91-6b,△,"【1】マウス操作によってセレクトメニューにマウスポインタを置いた際に、title属性値「数字」がツールチップで表示されるかを確認する。
【2】セレクトメニューの選択肢「1」、「2」、「3」をそれぞれ選択できるかを確認する。
【3】セレクトメニューにフォーカスを移動した際に、title属性値「数字」がツールチップで表示されるかを確認する。
【4】セレクトメニューにフォーカスを移動させた後、何らかのキー操作により、セレクトメニューの選択肢「1」、「2」、「3」をそれぞれ選択できるかを確認する。

","【1】○
マウス操作によってセレクトメニューにマウスポインタを置いた際に、「数字」とのツールチップが表示されることを確認した。
【2】○
マウス操作によってセレクトメニューの選択肢「1」、「2」、「3」をそれぞれ選択できることを確認した。
【3】×
セレクトメニューにフォーカスを移動した際に、何もツールチップが表示されないことを確認した。
【4】○
セレクトメニューにフォーカスを移動させた後、上下矢印キー（“↑”“↓”）でセレクトメニューの選択肢「1」、「2」、「3」をそれぞれ選択できることを確認した。

",,,,
,H91-7a,○,"【1】テキストエリアにフォーカスを移動（マウス操作）して、テキスト「87年前」を編集できるかを確認する。
【2】テキストエリアにフォーカスを移動（キーボード操作）して、テキスト「87年前」を編集できるかを確認する。

","【1】○
テキストエリアにフォーカスを移動（マウス操作）して、テキスト「87年前」を削除（編集）できることを確認した。
【2】○
テキストエリアにフォーカスを移動（キーボード操作）して、テキスト「87年前」を削除（編集）できることを確認した。

",,,,
,H91-7b,△,"【1】テキストフィールドにマウスポインタを置いた際に、title属性値「コメントを入力」がツールチップで表示されるかを確認する。
【2】テキストフィールドにフォーカスを移動（マウス操作）した際に、テキスト「87年前」を編集できるかを確認する。
【3】テキストフィールドにフォーカスを移動した際に、title属性値「コメントを入力」がツールチップで表示されるかを確認する。
【4】テキストフィールドにフォーカスを移動した際に、テキスト「87年前」を編集できるかを確認する。

","【1】○
テキストフィールドにマウスポインタを置いた際に、「コメントを入力」とのツールチップが表示されることを確認した。
【2】○
テキストフィールドにフォーカスを移動（マウス操作）した際に、テキスト「87年前」を削除（編集）できることを確認した。
【3】×
テキストフィールドにフォーカスを移動した際に、何もツールチップが表示されないことを確認した。
【4】○
テキストフィールドにフォーカスを移動した際に、テキスト「87年前」を削除（編集）できることを確認した。

",,,,
,H91-8,○,"【1】ラジオボタンにフォーカスを移動させ、何らかのキー操作でラジオボタンの選択を変更できるかを確認する。

","【1】○
ラジオボタンにフォーカスを移動させ、上下矢印キー（“↑”“↓”）でラジオボタンの選択を変更できることを確認した。

",,,,
,SCR2,○,"【1】リンク「W3C ウェブ・アクセシビリティ・イニシアティブ」及び「W3C 国際化活動」にマウスオーバーするとそれぞれのアイコン画像が変更されて、マウスポインタを外すとそれぞれが元のアイコン画像に戻るかを確認する。
【2】リンク「W3C ウェブ・アクセシビリティ・イニシアティブ」及び「W3C 国際化活動」にフォーカスを移動するとそれぞれのアイコン画像が変更されて、フォーカスを外すとそれぞれが元のアイコン画像に戻るかを確認する。

","【1】○
リンク「W3C ウェブ・アクセシビリティ・イニシアティブ」及び「W3C 国際化活動」にマウスオーバーするとそれぞれのアイコン画像が変更（オレンジ→黒）されて、マウスポインタを外すとそれぞれが元のアイコン画像に戻る（黒→オレンジ）ことを確認した。
【2】○
リンク「W3C ウェブ・アクセシビリティ・イニシアティブ」及び「W3C 国際化活動」にフォーカスを移動するとそれぞれのアイコン画像が変更（オレンジ→黒）されて、フォーカスを外すとそれぞれが元のアイコン画像に戻る（黒→オレンジ）ことを確認した。

",,,,
,SCR16,○,"【1】ページ表示後40秒経過後にダイアログが表示されるかを確認する。
【2】40秒経過後に表示されるダイアログの[OK]ボタン及び[キャンセル]ボタンをマウス操作で押下できるかを確認する。
【3】40秒経過後に表示されるダイアログの[OK]ボタン及び[キャンセル]ボタンをキーボード操作で押下できるかを確認する。

","【1】○
ページ表示後40秒経過後にダイアログが表示されることを確認した。
【2】○
40秒経過後に表示されるダイアログの[OK]ボタン及び[キャンセル]ボタンをマウス操作で押下できることを確認した。
【3】○
40秒経過後に表示されるダイアログの[OK]ボタン及び[キャンセル]ボタンをキーボード操作で押下できることを確認した。

",,,,
,SCR18,○,"【1】任意の無効な値を入力して[送信]ボタンをクリックすると、エラーメッセージのダイアログが表示されるかを確認する。
【2】任意の無効な値を入力して[送信]ボタンを押下すると、エラーメッセージのダイアログが表示されるかを確認する。

","【1】○
無効な値“2009年11月12”と入力して[送信]ボタンをクリックすると、“有効な日付ではありません。入力し直してください。”とのダイアログが表示されることを確認した。
【2】○
無効な値“2009年11月12”と入力して[送信]ボタンをクリックすると、“有効な日付ではありません。入力し直してください。”とのダイアログが表示されることを確認した。

",,,,
,SCR20-1,○,"【1】リンク「ダイアログを表示」をクリックすると（押しただけで）、ダイアログが表示されるかを確認する。
【2】リンク「ダイアログを表示」にフォーカスを移動させてEnterキーを押しただけで、ダイアログが表示されるか（Enterキーを押したままの状態でダイアログが表示されるか）を確認する。

","【1】○
リンク「ダイアログを表示」をクリックした瞬間に“JavaScriptは有効です”とのダイアログが表示されることを確認した。
【2】？
リンク「ダイアログを表示」にフォーカスを移動させてEnterキーを押した瞬間に、“JavaScriptは有効です”とのダイアログが表示されることを確認した。
（Enterキーを押したままの状態では、ダイアログの表示と、ダイアログの「OK」ボタン押下が高速で連続実行された。）

",,,,
,SCR20-2,○,"【1】リンク「ダイアログを表示」をクリックすると（押しているときではなく、押し終えてマウスから指を離したら）、ダイアログが表示されるかを確認する。
【2】リンク「ダイアログを表示」にフォーカスを移動させてEnterキーを押し下げてキーから指を離すと（キーを押し下げたときではなく、押し下げたキーが元に戻るときに）、ダイアログが表示されるかを確認する。

","【1】○
リンク「ダイアログを表示」をクリックすると（押しているときではなく、押し終えてマウスから指を離したら）、“JavaScriptは有効です”とのダイアログが表示されることを確認した。
【2】○
リンク「ダイアログを表示」にフォーカスを移動させてEnterキーを押し下げてキーから指を離すと（キーを押し下げたときではなく、押し下げたキーが元に戻るときに）、“JavaScriptは有効です”とのダイアログが表示されることを確認した。

",,,,
,SCR20-3,○,"【1】リンク「ダイアログを表示」をクリックすると、ダイアログが表示されるかを確認する。
【2】リンク「ダイアログを表示」にフォーカスを移動させてEnterキーを押すと、ダイアログが表示されるかを確認する。

","【1】○
リンク「ダイアログを表示」をクリックすると、“JavaScriptは有効です”とのダイアログが表示されることを確認した。
【2】○
リンク「ダイアログを表示」にフォーカスを移動させてEnterキーを押すと、“JavaScriptは有効です”とのダイアログが表示されることを確認した。

",,,,
,SCR20-4,○,"【1】リンク「ダイアログを表示」にマウスオーバーすると、ダイアログが表示されるかを確認する。
【2】リンク「ダイアログを表示」にキーボード操作でフォーカスを移動させると、ダイアログが表示されるかを確認する。

","【1】○
リンク「ダイアログを表示」にマウスオーバーすると、“JavaScriptは有効です”とのダイアログが表示されることを確認した。
【2】○
リンク「ダイアログを表示」にキーボード操作でフォーカスを移動させると、“JavaScriptは有効です”とのダイアログが表示されることを確認した。
（ただし、ダイアログボックスの「OK」ボタンを押下しても、フォーカスがテキスト「ダイアログを表示」にあり続けるため、繰り返しダイアログが表示され続け抜けられなくなる。“このページでこれ以上ダイアログボックスを生成しない”にチェックを入れることで回避）

",,,,
,SCR20-5,○,"【1】リンク「ダイアログを表示」にマウスオーバーした後にマウスオーバーを外すと、ダイアログが表示されるかを確認する。
【2】リンク「ダイアログを表示」にフォーカスを移動させた後にフォーカスを他の要素（前後のリンク）に移動させようとすると、ダイアログが表示されるかを確認する。

","【1】○
リンク「ダイアログを表示」にマウスオーバーした後にマウスオーバーを外すと、“JavaScriptは有効です”とのダイアログが表示されることを確認する。
【2】○
リンク「ダイアログを表示」にフォーカスを移動させた後にフォーカスを他の要素（前後のリンク）に移動させようとすると、“JavaScriptは有効です”とのダイアログが表示されることを確認した。

",,,,
,SCR21,○,"【1】次の一連の操作ができるかを確認する。

　1.　2つのテキストフィールドに任意の値を入力して [送信] ボタンを
　　　押下した後、「入力エラー」というテキストリンクの見出しにフォーカスが
　　　移動するか
　2.　テキストリンク「入力エラー」を押下すると、エラーメッセージ
　　　「電話番号を正しく入力してください。」にフォーカスが移動するか
　3.　エラーメッセージ「電話番号を正しく入力してください。」を押下すると、
　　　「電話番号」のテキストフィールドにフォーカスが移動するか
　4.　同様にエラーメッセージ「FAX番号を正しく入力してください。」を
　　　押下すると、「FAX番号」のテキストフィールドにフォーカスが移動するか


【2】2つのテキストフィールドに任意の値を入力して [送信] ボタンを押下した後、次の3つが新たに表示されるかを確認する。

　1.　「入力エラー」というテキストリンクの見出し
　2.　エラーメッセージ「電話番号を正しく入力してください。」
　3.　エラーメッセージ「FAX番号を正しく入力してください。」が表示されるか

","【1】○
　1.　2つのテキストフィールドに“エラー”と入力して [送信] ボタンを押下した後、「入力エラー」というテキストリンクの見出しにフォーカスが移動することを確認した。
　2.　テキストリンク「入力エラー」を押下すると、エラーメッセージ「電話番号を正しく入力してください。」にフォーカスが移動することを確認した。
　3.　エラーメッセージ「電話番号を正しく入力してください。」を押下すると、「電話番号」のテキストフィールドにフォーカスが移動することを確認した。
　4.　同様にエラーメッセージ「FAX番号を正しく入力してください。」を押下すると、「FAX番号」のテキストフィールドにフォーカスが移動することを確認した。

【2】○
2つのテキストフィールドに“エラー”と入力して [送信] ボタンを押下した後、次の3つが新たに表示されることを確認した。
「入力エラー」というテキストリンクの見出し
エラーメッセージ「電話番号を正しく入力してください。」
エラーメッセージ「FAX番号を正しく入力してください。」

",,,,
,SCR22,○,"【1】テキスト「新製品！」の点滅が5秒未満で停止して、その後はテキスト「新製品！」が静止した状態で表示されるかを確認する。

","【1】○
テキスト「新製品！」の点滅がページを表示した直後から5秒未満で停止して、その後はテキスト「新製品！」が静止した状態で表示されることを確認した。

",,,,
,SCR26,○,"【1】リンク「展開」をクリックすると、「コンテンツ」が表示されるかを確認する。
【2】リンク「展開」にフォーカスを移動させた後に押下すると、「コンテンツ」が表示されることを確認する。
【3】「コンテンツ」が表示された時点ではフォーカスは「展開」にあり、Tabキーを押下するとフォーカスが「コンテンツ」へ移動するかを確認する。

","【1】○
リンク「展開」をクリックすると、「コンテンツ」が表示されることを確認した。
【2】○
リンク「展開」にフォーカスを移動させた後に押下すると、「コンテンツ」が表示されることを確認した。
【3】○
「コンテンツ」が表示された時点ではフォーカスは「展開」にあり、Tabキーを押下するとフォーカスが「コンテンツ」へ移動することを確認した。

",,,,
,SCR28-1,○,"【1】リンク「メニューの表示/非表示を切替」をクリックすると、4つのリンクの非表示/表示を切り替えられるかを確認する。
【2】リンク「メニューの表示/非表示を切替」を押下すると、4つのリンクが非表示になるかを確認する。
【3】4つのリンクを非表示にした後、キーボード操作によってフォーカスを移動させていくと、フォーカスがメインコンテンツ部分の「メインコンテンツのリンク」へ移動するかを確認する。
【4】リンク「メニューの表示/非表示を切替」に戻って押下して4つのリンクを表示させた後、キーボード操作によってフォーカスを移動させていくと、フォーカスが「リンク 1」から順に再表示された4つのリンクを経て、メインコンテンツ部分の「メインコンテンツのリンク」へ移動するかを確認する。

","【1】○
リンク「メニューの表示/非表示を切替」をクリックすると、4つのリンクの非表示/表示を切り替えられることを確認した。
【2】○
リンク「メニューの表示/非表示を切替」を押下すると、4つのリンクが非表示になることを確認した。
【3】○
4つのリンクを非表示にした後、キーボード操作によってフォーカスを移動させていくと、フォーカスがメインコンテンツ部分の「メインコンテンツのリンク」へ移動することを確認した。
【4】○
リンク「メニューの表示/非表示を切替」に戻って押下して4つのリンクを表示させた後、キーボード操作によってフォーカスを移動させていくと、フォーカスが「リンク 1」から順に再表示された4つのリンクを経て、メインコンテンツ部分の「メインコンテンツのリンク」へ移動することを確認した。

",,,,
,SCR28-2,○,"【1】[目次の表示 / 非表示]ボタンをクリックすると、4つのリンクがある目次の非表示/表示を切り替えられるかを確認する。
【2】[目次の表示 / 非表示]ボタンを押下すると、4つのリンクがある目次が非表示になるかを確認する。
【3】目次を非表示にした後、Tabキーを押下するとフォーカスがセクション 1にある「セクション 1のリンク」へ移動するかを確認する。
【4】[目次の表示 / 非表示]ボタンに戻って押下して目次を表示させた後、キーボード操作によってフォーカスを移動させていくと、フォーカスが「セクション 1」から順に再表示された目次の4つのリンクを経て、セクション 1にある「セクション 1のリンク」へ移動するかを確認する。

","【1】○
[目次の表示 / 非表示]ボタンをクリックすると、4つのリンクがある目次の非表示/表示を切り替えられることを確認した。
【2】○
[目次の表示 / 非表示]ボタンを押下すると、4つのリンクがある目次が非表示になることを確認した。
【3】○
目次を非表示にした後、Tabキーを押下するとフォーカスがセクション 1にある「セクション 1のリンク」へ移動することを確認した。
【4】○
[目次の表示 / 非表示]ボタンに戻って押下して目次を表示させた後、キーボード操作によってフォーカスを移動させていくと、フォーカスが「セクション 1」から順に再表示された目次の4つのリンクを経て、セクション 1にある「セクション 1のリンク」へ移動することを確認した。

",,,,
,SCR30,○,"【1】リンク「リンクラベルを拡張する」をクリックすると、リスト項目にあるテキストリンク「Word」、「PDF」、「HTML」にそれぞれリンクテキストが付加されるか（例：「ウェブの歴史：」のリスト項目にあるテキストリンク「Word」が「Word版 ウェブの歴史」となるか）を確認する。
【2】リンク「リンクラベルを拡張する」にフォーカスを移動させて押下すると、リスト項目にあるテキストリンク「Word」、「PDF」、「HTML」にそれぞれリンクテキストが付加されるか（例：「ウェブの歴史：」のリスト項目にあるテキストリンク「Word」が「Word版 ウェブの歴史」となるか）を確認する。

","【1】○
リンク「リンクラベルを拡張する」をクリックすると、テキストリンク「Word」、「PDF」、「HTML」にそれぞれリンクテキストが付加され、「Word版 ウェブの歴史」「PDF版 ウェブの歴史」「HTML版 ウェブの歴史」、「Word版 こだわりの料理」「PDF版 こだわりの料理」「HTML版 こだわりの料理」と表示されることを確認した。
【2】○
リンク「リンクラベルを拡張する」にフォーカスを移動させて押下すると、テキストリンク「Word」、「PDF」、「HTML」にそれぞれリンクテキストが付加され、「Word版 ウェブの歴史」「PDF版 ウェブの歴史」「HTML版 ウェブの歴史」、「Word版 こだわりの料理」「PDF版 こだわりの料理」「HTML版 こだわりの料理」と表示されることを確認した。

",,,,
,SCR32,○,"【1】[必須]項目に何も入力しないで[登録]又は[送信]ボタンをクリックすると、エラーメッセージ（例：「2つの入力項目に入力エラーがあります。」）と「次の入力項目を正しく入力してください。」で始まる該当項目のリストが表示されるかを確認する。
【2】[必須]項目に何も入力しないで[登録]又は[送信]ボタンを押下すると、エラーメッセージ（例：「2つの入力項目に入力エラーがあります。」）と「次の入力項目を正しく入力してください。」で始まる該当項目のリストが表示されるかを確認する。
【3】エラーメッセージ（例：「2つの入力項目に入力エラーがあります。」）にフォーカスがあり、Tabキーを押下すると該当項目のリストにフォーカスが移動するかを確認する。
【4】該当項目のリストにフォーカスが移動した後、いずれかの項目でEnterキーを押下すると、その項目のテキストフィールドにフォーカスが移動するかを確認する。

","【1】○
[必須]項目に何も入力しないで[登録]ボタンをクリックすると、エラーメッセージ「3つの入力項目に入力エラーがあります。」と該当項目のリストが表示されることを確認した。
[必須]項目に何も入力しないで[送信]ボタンをクリックすると、エラーメッセージ「2つの入力項目に入力エラーがあります。」と該当項目のリストが表示されることを確認した。
【2】○
[必須]項目に何も入力しないで[登録]ボタンを押下すると、エラーメッセージ「3つの入力項目に入力エラーがあります。」と該当項目のリストが表示されることを確認した。
[必須]項目に何も入力しないで[送信]ボタンを押下すると、エラーメッセージ「2つの入力項目に入力エラーがあります。」と該当項目のリストが表示されることを確認した。
【3】エラーメッセージ（例：「2つの入力項目に入力エラーがあります。」）にフォーカスがあり、Tabキーを押下すると“提案 [必須]”にフォーカスが移動することを確認した。
【4】“提案 [必須]”にフォーカスが移動した後、Enterキーを押下すると、“提案 [必須]”のテキストフィールドにフォーカスが移動することを確認した。

",,,,
,SCR33,○,"【1】テキストリンク「一時停止」をクリックすると、スクロールしているテキストが一時停止し、次にテキストリンク「スクロール」をクリックすると、テキストのスクロールが再開するかを確認する。
【2】テキストリンク「一時停止」を押下すると、スクロールしているテキストが一時停止し、次にテキストリンク「スクロール」を押下すると、テキストのスクロールが再開するかを確認する。

","【1】○
テキストリンク「一時停止」をクリックすると、スクロールしているテキスト“このテキストはスクロールします。Javascript及びCSSがサポートされていて、どちらも有効な場合は、一時停止/スクロールのリンクが表示されます。”が一時停止し、次にテキストリンク「スクロール」をクリックすると、テキストのスクロールが再開することを確認した。

【2】○
テキストリンク「一時停止」を押下すると、スクロールしているテキスト“このテキストはスクロールします。Javascript及びCSSがサポートされていて、どちらも有効な場合は、一時停止/スクロールのリンクが表示されます。”が一時停止し、次にテキストリンク「スクロール」を押下すると、テキストのスクロールが再開することを確認した。

",,,,
,SCR35-1,○,"【1】リンク「ダイアログを表示」をクリックすると、ダイアログが表示されるかを確認する。
【2】リンク「ダイアログを表示」にフォーカスを移動させて押下すると、ダイアログが表示されるかを確認する。

","【1】○
リンク「ダイアログを表示」をクリックすると、“JavaScriptは有効です”とのダイアログが表示されることを確認した。
【2】○
リンク「ダイアログを表示」にフォーカスを移動させて押下すると、“JavaScriptは有効です”とのダイアログが表示されることを確認した。

",,,,
,SCR35-2,△,"【1】JavaScriptオン＋マウス操作
ブラウザの設定でJavaScriptをオンにして、リンク「JavaScriptを実行するリンク」をクリックして、リンク先の富士通サイトへ移動できるかを確認する。
【2】JavaScriptオフ＋マウス操作
ブラウザの設定でJavaScriptをオフにして、リンク「JavaScriptを実行するリンク」をクリックして、リンク先の富士通サイトへ移動できるかを確認する。
【3】JavaScriptオン＋キーボード操作
ブラウザの設定でJavaScriptをオンにして、リンク「JavaScriptを実行するリンク」を押下して、リンク先の富士通サイトへ移動できるかを確認する。
【4】JavaScriptオフ＋キーボード操作
ブラウザの設定でJavaScriptをオフにして、リンク「JavaScriptを実行するリンク」を押下して、代替ページへ移動できるかを確認する。

JavaScriptオフの設定は下記の通り実施
ブラウザ右上のボタン→[コンテンツの設定]→“JavaScript”[すべてのサイトに対してJavaScriptの実行を許可しない]にチェック

","【1】○
JavaScriptオン＋マウス操作
「JavaScriptを実行するリンク」をクリックして、リンク先の富士通サイト（http://jp.fujitsu.com/）へ移動できることを確認した。
【2】×
JavaScriptオフ＋マウス操作
「JavaScriptを実行するリンク」をクリックして、“このページはJavaScript設定が無効な場合の代替ページです。 富士通株式会社の公式サイト”と書かれた代替ページへ移動することを確認した。
【3】○
JavaScriptオン＋キーボード操作
「JavaScriptを実行するリンク」を押下して、リンク先の富士通サイト（http://jp.fujitsu.com/）へ移動できることを確認した。
【4】○
JavaScriptオフ＋キーボード操作
「JavaScriptを実行するリンク」を押下して、“このページはJavaScript設定が無効な場合の代替ページです。 富士通株式会社の公式サイト”と書かれた代替ページへ移動することを確認した。

",,,,
,SCR35-4,○,"【1】[JavaScript 実行]ボタンをクリックすると、ダイアログが表示されるかを確認する。
【2】[JavaScript 実行]ボタンにフォーカスを移動させて押下すると、ダイアログが表示されるかを確認する。

","【1】○
[JavaScript 実行]ボタンをクリックすると、“JavaScriptは有効です”とのダイアログが表示されることを確認した。
【2】○
[JavaScript 実行]ボタンにフォーカスを移動させて押下すると、“JavaScriptは有効です”とのダイアログが表示されることを確認した。

",,,,
,SCR35-5,○,"【1】[送信]ボタンをクリックすると、ダイアログが表示されるかを確認する。
【2】[送信]ボタンにフォーカスを移動させて押下すると、ダイアログが表示されるかを確認する。

","【1】○
[送信]ボタンをクリックすると、“JavaScriptは有効です”とのダイアログが表示されることを確認した。
【2】○
[送信]ボタンにフォーカスを移動させて押下すると、“JavaScriptは有効です”とのダイアログが表示されることを確認した。

",,,,
,SCR35-6,○,"【1】[ダイアログを表示]ボタンをクリックすると、ダイアログが表示されるかを確認する。
【2】[ダイアログを表示]ボタンにフォーカスを移動させて押下すると、ダイアログが表示されるかを確認する。

","【1】○
[ダイアログを表示]ボタンをクリックすると、“JavaScriptは有効です”とのダイアログが表示されることを確認した。
【2】○
[ダイアログを表示]ボタンにフォーカスを移動させて押下すると、“JavaScriptは有効です”とのダイアログが表示されることを確認した。

",,,,
,SCR36,○,"【1】[テキストをすべて表示]ボタンをクリックすると、スクロールしていたテキストがすべて静止した状態で表示し、[スクロール表示に戻す]ボタンをクリックすると元に戻るかを確認する。
【2】[テキストをすべて表示]ボタンを押下すると、スクロールしていたテキストがすべて静止した状態で表示し、[スクロール表示に戻す]ボタンを押下と元に戻るかを確認する。

","【1】○
[テキストをすべて表示]ボタンをクリックすると、スクロールしていたテキストがすべて静止した状態で表示し、[スクロール表示に戻す]ボタンをクリックすると元に戻ることを確認した。
【2】○
[テキストをすべて表示]ボタンを押下すると、スクロールしていたテキストがすべて静止した状態で表示し、[スクロール表示に戻す]ボタンを押下と元に戻ることを確認した。

",,,,
,SCR37,○,"【1】[オプション]ボタンをクリックすると、ダイアログが表示され、[OK]及び[キャンセル]ボタンをクリックすると、ダイアログを閉じられるかを確認する。
【2】[オプション]ボタンを押下すると、ダイアログが表示され、[OK]及び[キャンセル]ボタンを押下すると、ダイアログを閉じられるかを確認する。

","【1】○
[オプション]ボタンをクリックすると、ダイアログが表示され、[OK]及び[キャンセル]ボタンをクリックすると、ダイアログを閉じられることを確認した。
【2】○
[オプション]ボタンを押下すると、ダイアログが表示され、[OK]及び[キャンセル]ボタンを押下すると、ダイアログを閉じられることを確認した。


ただし、ダイアログはページ上の文章の上に重なった表示された。

",,,,
,,,,,,,,
,この作品は、クリエイティブ・コモンズ・ライセンスの下でライセンスされています,,,,,,,
,,,,,,,,
,,,利用許諾条件（表示 - 継承 2.1 日本）の確認 ,,,,,
,,,,,,,,
,原著作者：富士通デザイン株式会社,,,,,,,
,作成者：ウェブアクセシビリティ基盤委員会　実装ワーキンググループ（WG2）,,,,,,,
,作成日： 2011年7月22日,,,,,,,
,最終更新日：2012年5月10日,,,,,,,
